['1 - Executive'- '1 - Adminstration'- '1 - Personnel'],ABB0019,COB0021,HBF0022,JJS0013,TAJ0023,WCO0020,6
['1 - Executive'- '1 - Adminstration'- '2 - EmployeeRelations'],KMM0014,NMM0026,TIR0025,UAR0024,4
['1 - Executive'- '1 - Adminstration'- '3 - Training'],ANC0027,BDF0015,KMN0028,3
['1 - Executive'- '1 - Adminstration'- '4 - Safety'],JCC0016,MEH0029,OFS0030,3
['1 - Executive'- '1 - Adminstration'- '5 - Medical'],AKK0032,HDM0017,UGB0031,3
['1 - Executive'- '1 - Adminstration'- '6 - Security'],AAW0914,AJM0049,ASH0458,BGR0917,CAP0471,CHW0919,CKW0915,CTB0923,CTK0037,DBS0048,DEM0018,ERB0921,ESW0928,EZB0925,FMP0459,GCH0470,GCW0456,GEM0462,GKW0043,HFM0465,HJS0909,ILF0913,JAC0457,JDR0927,JKB0924,JMW0038,JPM0035,JSA0468,JWS0047,KCG0044,KCM0466,KJM0889,LAH0463,LSH0464,MAM0045,MAW0469,MIC0916,NCC0454,NSS0926,ODB0034,OHS0036,OKH0453,OQE0920,ORB0455,PRD0922,QRF0039,REL0910,RLF0472,RVJ0046,SAM0911,SKV0041,SNO0033,TTG0460,VCH0461,XAW0912,XFK0050,XKB0040,57
['1 - Executive'- '2 - ResearchAndEngineering'- '1 - ProjectManagement'],FYC0060,HBW0057,KTS0058,RAH0052,RRS0056,TTM0059,6
['1 - Executive'- '2 - ResearchAndEngineering'- '2 - Research'],ABM0890,ACH0937,AFP1341,AHJ1993,AWK1773,AXP1568,BBF0480,BDC0936,BUE1561,CBN1983,CCG1347,CEH1567,CKM0939,CLN0061,CMM1987,COG0940,CPD0474,CRG0063,DAH1996,DBJ1992,DCK1782,DHP1989,DKC0053,DOR0935,DPN1990,DRJ0070,EHJ1339,FKS0069,FWB1999,GAT1343,GPH0932,GVM1337,HAB1787,HDW1779,HKW1995,HOS1349,HSK0479,IDC1775,ILH1564,ILH2000,ILJ0929,ITM0068,JJL1566,JJW1785,JQS1350,KCC1988,KFH0943,KHH1556,KJH0475,KKP0064,KLM0941,KMG0062,KRC1348,KUB1569,LCR1344,LMG0065,LSO1783,MAB1340,MGG1342,MJA1784,MLH0942,MZV1557,NRR0476,ODA0931,PHG1778,PKF1346,PMC1560,PNA1776,QDB1765,QNB1329,RFC1991,RKM0478,ROA0482,ROB0477,SDW1781,SJC1563,SKW0066,SMB0473,SSH1780,TDH1351,TLW1555,TMC0934,UMH1547,USW1994,VDB0481,VLV0933,WAH1774,WCR1998,WNB1558,XCC1786,XNC1338,YSH1997,YWF1562,ZAD1345,ZBG0938,ZNP1565,ZOF1559,97
['1 - Executive'- '2 - ResearchAndEngineering'- '3 - SoftwareManagement'],AAM0972,AAW0952,AAW0969,ACC0950,ACW0078,AEG0962,AHH0085,AJM0956,AKP0503,ALH0506,ANR0502,ATB0490,ATD0517,BDH0981,BJG0492,BNN0975,BWC0509,CBP0507,CCB0076,CHL0953,CJH0504,CKC0487,CKD0967,CLG0516,CLL0494,CMV0524,CRD0987,CRM0963,CTP0071,CYG0522,DAH0512,DLB0955,DPK0954,DTB0964,EKR0073,EPB0893,ERR0525,EXB0090,EZG0968,FDS0523,GPS0970,GTC0081,GWG0497,HBH0988,HJW0947,HRC0977,HRG0957,HRR0079,HRT0984,HST0084,HUM0973,HXP0976,ICW0083,INC0091,ISS0508,JFC0075,JPK0945,JYC0959,KIB0089,KIF0951,KKS0087,LCR0521,LSJ0979,LTP0072,MAB0500,MAE0515,MCW0505,MDC0520,MES0966,MEW0485,MHH0980,MMM0082,MTD0971,MTS0958,MVM0092,NBH0488,NHA0054,NRH0510,OAP0978,OWC0518,PRL0965,RAT0514,RAV0088,RDM0489,RFS0513,RJG0511,RKF0080,RMT0496,RRC0891,SEC0985,SEO0946,SKC0074,SYB0093,TAB0519,TAK0501,TRP0892,UEH0944,UTM0493,VPA0974,VWM0491,WMS0486,WPL0086,XJH0483,XRS0498,YBH0948,YHO0982,YVJ0986,YYH0949,ZAC0499,ZCB0983,110
['1 - Executive'- '2 - ResearchAndEngineering'- '4 - Engineering'],ACH1011,ACS0589,ADC1014,ADH1016,AEM0113,AGC0592,AHD0590,AHN0998,AKS0586,ARD0538,ARP0574,BBM0588,BDP0096,BKL0545,BLW0552,BPA0095,CAF0109,CAH0595,CAM1025,CAS0997,CCC0569,CCW0097,CDG0551,CLG0114,CMD0127,CSB0990,CZY0110,DBB1004,DCB1000,DDK0995,DES0591,DJH0895,DKS0563,DSB0530,DZO0999,EAP0107,EBP1022,EBW0553,EJV0094,ERB0104,ESH1028,FAR0102,FMH1018,GCB0118,GDC0055,GFS0555,GNG1026,GPO1020,GTN1021,HAE0105,HGG0535,HOD1010,HTH1001,HWS0101,ICM0537,IPF0550,ISK0116,JAG0106,JCB0544,JCF0594,JCM0580,JCV0994,JDW1019,JEH0587,JLC0558,JMA0540,JOB0532,JPW0533,JRH0993,JVH0571,JXN0581,KAG0547,KAG0566,KBP0124,KBR0575,KCL0099,KDC0996,KEG1006,KLG0576,KLR0112,KMH0529,KNM0100,KPM0579,KPM1002,KRC0098,KSS1005,LAS0129,LBL0578,LHL0130,LJH1027,LRB0568,LRF1009,LTH0528,MAM0557,MCB0582,MDR0572,MGH0593,MHK0565,MJK0527,MMC1008,MMO0531,MSK0117,MUW0570,NKD0115,NMK0536,NMP1003,NOB1015,OFB1017,OHR0583,PAA0121,PBS0120,PCB0567,PRL0585,QGB0554,QKB0562,RBD0122,RCG0584,RDB0546,RDC0128,RPM0125,RTH0564,RWR0991,SJP1023,SKB1024,TBP0548,TCF0559,TIH0573,TJB1012,TLB0894,TUJ1007,UAB0534,UMB0108,VCM0992,WCW1013,WLP0123,WRH0526,YCC0119,YDH0577,YNO0103,ZEP0543,ZHP0989,ZKP0542,142
['1 - Executive'- '3 - Manufacturing'- '1 - IndustrialEngineering'],AUH0138,DJC0137,IKS0136,MDN0132,4
['1 - Executive'- '3 - Manufacturing'- '2 - ManufacturingEngineering'],CCT0142,CJL0143,DAR0139,DOT0144,IMC0133,MLC0141,RTB0140,7
['1 - Executive'- '3 - Manufacturing'- '3 - Assembly'],AAC1033,AAR1793,ACG0152,ACJ1797,ACR1045,ADG0619,ADH0153,AEF1032,AES1373,AHC1044,AIH0814,ALC0604,AME1364,ANH1583,ANT0148,ARB0626,ARP1356,ASR0150,BAT1359,BBR1381,BBW0151,BCC1597,BHA1577,BIS1598,BJH0601,BKG0597,BNT1804,BSO0826,BTN0147,BZC1806,CAH0149,CAM0158,CBD1574,CCM0612,CDB1594,CGF1056,CIW1591,CKE0373,CMB0824,CMC0816,CRW0627,CTM1817,CWM0618,DAC1548,DKG0161,DML0822,DMN1365,DNT1801,DPR1589,DRH1041,DXB1791,EBB0827,ECW0160,ELT1370,ERM1590,EVF1595,EWA0156,EYM0896,FAH0134,FES1814,FGW1794,FIM0605,FWT1586,GLC1055,GRK0623,GTC0614,GTP1369,HDM1040,HJW1371,HMH1596,HMM1058,HMW0602,HSG1585,HWR1573,IAC0825,IAG1051,ICB1354,ICH1810,IGG1571,IJM0603,ILJ1816,IRP1353,ITA0159,JAD1379,JAH1802,JBL0615,JGW0820,JHM1805,JHR1580,JIG1593,JKB1811,JMM0613,JNR1592,JOR1039,JRW1374,JTB0163,JUL0610,JVH1575,JYS0621,KAD0817,KBB1803,KCB1799,KCJ1788,KDB1036,KDG1330,KEE0823,KFS1029,KGM1031,KLW1789,KMR0377,KRA1047,KSC1352,LCW0821,LIJ1581,LJM0375,LJM1807,LJP1584,LKC1796,LRW1357,LSB1588,LTS1378,LUH1376,LXM1361,MBM0145,MCC1372,MCH0620,MCP0611,MCV1046,MCW1367,MHP1377,MKG0606,MLL0162,MLW1038,MME1034,MRW0625,MSM1800,MTP1582,NAH1366,NFS0617,NNB1355,NUW1599,OHC1798,OIP1053,OKC0155,PAH0819,PAP1570,PDB1766,PFM1795,PLF1030,PLL1043,PMC0815,PSS0157,QJS1362,QSM1042,QSS1380,RAH0609,RIK0629,RIP1368,RKG0607,RLM1578,RSB1054,SAA0374,SAM0628,SDT0600,SFG1360,SGN0146,SRP1576,SSS1057,SWB1809,TCW1808,TJP0616,TLW1050,TNH1048,TPO1049,TTR1792,UCD0608,UCM1572,VVG0624,WOM1587,WPC1984,WSE1363,WYG0599,XAB0622,XAM0376,XJB1052,XJS1358,ZAD1035,ZAH0598,ZHR0596,ZOC0154,190
['1 - Executive'- '3 - Manufacturing'- '4 - QualityControl'],HGG0166,LMM0167,RUM0165,STH0135,ZKH0164,5
['1 - Executive'- '4 - Finance'- '1 - Accounting'],GSB0173,IKW0174,KAM0169,KRS0172,4
['1 - Executive'- '4 - Finance'- '2 - Payroll'],AFN0176,BWM0175,JDS0177,TJG0170,4
['1 - Executive'- '4 - Finance'- '3 - FinancialPlanning'],ASO0180,KGL0178,LLW0179,YJB0171,4
['1 - Executive'- '5 - SalesAndMarketing'- '1 - MarketAnalysis'],ALN0182,CBK0185,SCB0187,TMR0186,4
['1 - Executive'- '5 - SalesAndMarketing'- '2 - Sales'],ACB1087,ACH1831,ACH1840,AEC1085,AGW1389,AJD1612,AJH0191,AJS1408,AMG1628,ATD1067,ATS1073,BAS1078,BGC0649,BGF1845,BKF0632,BMC0650,BMG1070,BRM1080,BTD1059,BTR1410,BYO1846,BYS0199,CAC1083,CAS1068,CBC1607,CBG0183,CBW1826,CCB1836,CCM1401,CCR1396,CDL0189,CEM1385,CGS0647,CJG0897,CLS1331,CPC0190,CRB0648,CTT0639,DCS0636,DDM1065,DEB1767,DJA0192,DJP1603,DKG0637,DPC1618,DSH1074,DWR1387,DZA0195,EAG0633,EMM0641,ENB1617,ESM1828,FMG1549,GCD0194,GFV1837,GGM1604,GGM1629,GJM1409,GMR1399,GNV1082,GRB1842,GUT1619,HBP1076,HDA1824,HDH1384,HHD1606,HIS1394,HMC1847,HNJ0638,HNJ1407,HPC1404,ICP1063,ILR1613,INW1064,IYF1060,IYH1611,JBP1832,JGB1393,JKB1843,JRE1402,KAM0645,KAW0642,KCG1615,KOG1386,LDF0644,LJV1620,LRW1079,LVF1626,MAF1623,MAW1397,MFM1400,MGC0646,MJF1600,MLM1614,MML0631,MOB1071,MPK1844,MQS0196,MUP1819,MZO1066,NGB1625,NIV1608,NJV1818,NKN1405,NMF1088,NRH1383,NRR1835,NZH1839,NZL1395,ONB1833,QJH1605,RAS0197,RBC1624,RDS1398,RGA1622,RJM0634,RJW1406,RMV1820,RSS1825,RWJ1403,SEL1062,SIG0640,SJA0635,SLC1391,SQC1072,SSA0188,SWC1392,TDC1086,TFS1081,TFW1388,THB1069,TLS0643,UMT1084,WAS1823,WBK1077,WCR1830,WLH1827,WOS1834,XJP1627,XKB1829,YDM1822,ZJT1601,142
['1 - Executive'- '5 - SalesAndMarketing'- '3 - FieldService'],ACC1855,ACE1431,AEO1116,AFW1639,AJR1103,AKS0662,ALB0668,ALM1768,ANH1110,ASB0658,AZW1420,BAB1874,BAR1640,BAS1097,BCL1423,BDB1111,BHP1872,BJG1852,BKB0669,BTV1433,BZF0651,CAG1416,CAV0656,CBH1635,CBS1856,CES0201,CKL0652,CLC1425,CLD1435,CML1114,DAC1641,DAD1438,DCR1648,DDR1649,DDR1876,DDS1090,DMW1849,DYN1105,DZH1867,DZM1550,EBD1636,ECD1434,ENM1861,EUN1870,FAD1863,FAM0211,FCW1100,FGA0659,GAD0664,GAF1862,GCC1659,GEK1638,GKM1647,GRR1428,HJL1631,HLG1851,HMK0653,HMS1658,HND1098,HSH1102,IGN0206,ILH1650,ILM1441,INK1859,IRC1877,IRP1440,ISD1866,ITV0200,JAW1429,JBL1657,JBR1651,JDR1106,JEC1427,JIT0654,JQC0210,KAH1868,KAJ1413,KCH1437,KCR1118,KEO0202,KHG0205,KHS1850,KMK1096,KST1643,KVP1424,KZB1630,LCB1869,LLP1436,LPS1875,MAD0207,MCS1414,MDK1412,MGT0898,MHM0660,MHM1645,MIB0203,MJF1646,MKR1094,MKW1422,MMM1655,MXM0184,MYB1332,NCB0657,NEP1848,NHH1099,NJD1644,NJP0665,NKF1871,NLC1113,NRM1656,OFA1415,OJP1860,OKM1092,ONG1642,PGY1112,PIR1632,PMM1117,RBH0661,RCL1864,RLP0666,RSM1426,SCH0670,SDH1854,SFS1109,SJG1417,SLC1419,SLC1865,SPB1853,SVB0209,SVF1858,SWM1101,SWM1653,SZN1421,TBF1107,TJO0663,TRB1093,TRW0667,TSJ0655,UIS1637,VCG1873,WAF1652,WSK1857,YEG1439,YMF1089,ZIN1633,ZLM1418,146
['1 - Executive'- '6 - PurchasingAndContracts'- '1 - Purchasing'],ACB0220,CKP0213,CPW0219,CRC0217,MSC0216,SNC0218,6
['1 - Executive'- '6 - PurchasingAndContracts'- '2 - Pricing'],AKM0214,BDR0223,DMJ0222,MEM0221,4
['1 - Executive'- '6 - PurchasingAndContracts'- '3 - Contracts'],LAD0226,LJM0215,MCB0227,MWB0225,SJG0228,TRS0224,6
['2 - Executive'- '1 - Adminstration'- '1 - Personnel'],CKB0245,NHD0247,OAJ0244,STW0237,XBK0246,YMJ0243,6
['2 - Executive'- '1 - Adminstration'- '2 - EmployeeRelations'],GAF0250,HFC0248,IDC0249,JRC0238,4
['2 - Executive'- '1 - Adminstration'- '3 - Training'],HTR0239,NBP0252,RAB0251,3
['2 - Executive'- '1 - Adminstration'- '4 - Safety'],DJH0253,KJN0240,PJC0254,3
['2 - Executive'- '1 - Adminstration'- '5 - Medical'],EJB0241,JDG0255,2
['2 - Executive'- '1 - Adminstration'- '6 - Security'],AAG1136,ACA1126,AHN0681,AMC0265,AML0268,AVP1137,AWW0676,BDM0274,CBD1128,CDD1124,CGV0671,CRC1132,CRD0272,CWW1120,DCC1119,DLH0679,DNW0899,ELM1123,EMR0269,FAJ1122,HBW0683,HJM0688,HLH0682,HSN0675,IKW0678,JBI1134,JJC0259,JNB0673,JRS0674,JUW1135,KJG1121,LIB1125,LJF1138,MCS0242,MKH0260,MPF0690,MYB0686,NFH0677,NRS0270,PCK0271,PRF0257,PTD0273,QCM0672,RAA0263,RSM1133,SMW1131,SSN1130,SSS1129,TAW0689,TCH0264,TSG0262,VCC0258,VRP0267,WCN0261,WFV0687,ZEH0685,56
['2 - Executive'- '2 - ResearchAndEngineering'- '1 - ProjectManagement'],CHN0282,DBK0284,JAW0280,NEG0281,SLZ0276,TBA0283,6
['2 - Executive'- '2 - ResearchAndEngineering'- '2 - Research'],ABC1881,ALB1144,AMC1883,AMH1887,APD1148,ARV1884,AWB1661,BGH1443,BLK0698,BNE1140,BRM1454,BSY1451,BTG1551,CAB0290,CAB1886,CEB1879,CEG1442,CKR1446,CLJ1447,CWR0696,DQR1670,DXF1662,DZO0285,EDC0697,EJG1445,ERV1880,FCB1141,FCG0693,FRS0694,GCE1147,GIC1151,GLC1878,HCP0900,HCV0286,HJB1444,HMI1448,HNP1152,ICB1890,IKB0691,JBB1333,JBC1885,JCK0692,JKB0287,JLD1666,JMV1450,JOE1672,KHW0289,KJW1664,KQM1769,KVF1143,LJC1146,LJL1891,MAF0293,MBG1455,MBW1149,MCB1145,MCT0695,MDL0294,MES1674,MON0700,MOW1888,NAB1673,NTG1667,OJF1882,PEM0277,PTH1889,RAB1453,RWP1153,RXH1139,SCW1456,SKF1892,SOP1142,SSM1663,TAL1665,TMM0292,TRA1671,TTD0288,URB1668,WTC0699,ZBC0291,ZUR1449,ZXR1452,82
['2 - Executive'- '2 - ResearchAndEngineering'- '3 - SoftwareManagement'],ACD1174,ADR1156,AGB0901,AJH0724,ANS0705,APR1168,ARF0719,ASH0298,ATO0307,AVG1169,AXS0729,BAG0315,BBC1191,BDP1162,BHB0717,BKA1178,BOS1170,BRG0728,BTD0296,CAB1160,CAB1189,CGS0309,CJE1192,CKH0316,CQR1172,CSW1165,CVS0720,DAD0713,DCD0715,DCV1185,DEB0727,DHP0732,DHR1157,DMD1197,DNJ0740,DRN0735,EAP0312,EIW0714,EKS1182,ELC1173,EMB0902,GHM0736,GIA1171,GIB0314,GSV0295,HAD0702,HBF1179,HDW0743,HRE0297,HRR1154,IAR0301,IEL0302,ISW0738,JAC0721,JDB1163,JJA1164,JJF1167,JLC0742,JTF0313,JTS0903,KHT0739,LHA0303,LKB0734,LNS0317,LTB0308,MAC1175,MBH1177,MBM0712,MJR0711,MTH0737,NCU1166,NJS1194,NKH0704,NMV0716,NTB0710,NTM0305,ODG1158,PDH1180,PHY0730,PKS0278,PPB1181,PRH0706,PWF0709,QJF0725,RCD0299,RHB1193,RHD1155,RPJ1159,SBL1161,SBP1176,SLF1195,SRM1184,SSG0726,TAH0300,TCA1183,TCC0311,TKP1186,UMB0310,UNN0707,VAC0731,WEC0304,WWW0701,WZB0733,XDM0723,YLR1188,105
['2 - Executive'- '2 - ResearchAndEngineering'- '4 - Engineering'],AAC0904,ABL1229,ADR0810,AFC0792,AIE0773,AKD0332,AKR0756,ALW0764,AMB0745,AMS1236,AOP1202,ARD0790,ARM0333,ARM0805,AST0328,AVH1217,AWC1213,BAS0763,BCR0747,BDM1204,BGK0345,BMR0343,BWW0751,CAD0354,CCP0774,CCR0338,CFJ0335,CHS1238,CHW1210,CIM1232,CJM0802,CNM1208,CSB0327,CTB0744,DAD0331,DAE1219,DAL0795,DCF1237,DDW0757,DIM0330,DJC0337,DJH0812,DLM0334,DLW0349,DOL0765,DOS0777,DQM0809,DQS0807,EAC0769,EBA0758,EGM1222,EHM0340,EJC1225,GBM0346,GFS0750,GPS0321,GRB0748,GRS1214,HBD0788,HCE1200,HDL0789,HDL1230,HJC1227,HJO0779,HQG0905,HRC0776,HTS0762,IEP0746,IIM0781,IMR0323,IQT0352,IRH1224,IRM0766,JAL0811,JAM0752,JAR0794,JCB0791,JDC0326,JIP1220,JJP0798,JLC0796,JOR1221,JRB0759,JSB0803,JTK0784,JVM0772,KAC1209,KBG1201,KCF0767,KCW1215,KDB1206,KEM1211,KES1207,KIS1205,KJA0347,KJH0804,KSL0808,LHD1233,LHP0320,LIL1199,LLF1234,LSD1231,LSM1228,MAG0780,MAS0783,MDB0351,MGB1235,MSS0799,MWC0761,NHR0768,NIM1203,NKG0319,NMP0782,OFM0341,ORR0813,OTE0760,OWS0279,PRG0336,PXS0749,RCH1216,RHM0775,RJW0348,RMN1226,RMP0754,SCI0778,SDF0318,SIH0801,SKF0786,SKL0325,SRR0324,STH0353,TCC0771,TDC0800,TDF0785,TDK0753,TWB1223,UJC0329,UMB0322,WAH0793,WBB0339,WCB0806,WIW1212,WOG0797,YIN0342,ZWS0755,145
['2 - Executive'- '3 - Manufacturing'- '1 - IndustrialEngineering'],HPM0360,JIT0356,KZM0362,RDT0361,4
['2 - Executive'- '3 - Manufacturing'- '2 - ManufacturingEngineering'],DJW0357,GCT0366,GJB0363,HYA0368,KWM0365,MKK0364,QZH0367,7
['2 - Executive'- '3 - Manufacturing'- '3 - Assembly'],AAO1919,ACB1485,ACM1770,ACT1903,AJS1482,ANM0830,AQC0371,ARG1264,ATC1916,AYG1697,BAA0385,BBG0378,BCC1259,BDM1457,BLC1263,BNV1461,BRL1701,BUH1249,BYV1695,CBK1908,CCC1691,CCC1900,CCP1460,CEG1467,CKR1700,CNH1896,CSV1242,CZK1473,DCF1479,DES1474,DEW0384,DIR0835,DJJ1480,DLM1699,DMB1459,DNG0831,DOH1483,DTC0840,DVV1986,EBQ1246,ECY0838,EGG1466,FDS1690,FJP1692,FMH1552,GCS1686,GDD1687,GHW0372,GKG1693,GQG1484,GSH1262,GTF1464,HAB1894,HBF1250,HDC0844,HJO1239,HJR0841,HKF1921,HMC1677,HSK0369,HVL1679,HYV0848,IAH1241,IAM1913,IBH1267,IBS1682,ICS1248,IDB0843,JAB1917,JCP1478,JDF0846,JIL1675,JSB1915,JSH1678,JUP1472,JVC1704,KAD0387,KBC1680,KDC1240,KDL1901,KKL1481,KMM1703,KMO0382,KRC0842,KSC1255,LKL1895,LLL1469,LMW0837,LSN1462,LYL1334,MMB0383,MMD1477,MMS1905,MNE1698,MSN1911,NBM1257,NCM1243,NFJ1694,NNO0832,OCL1245,PJC0370,QKB1893,QRC1676,RBN1906,RIS1254,RJC0381,RKF1268,RMH0906,RNB1685,RRG1253,RSH0836,RYP0839,RZB0358,SAF1261,SAH0833,SCC0379,SCC1470,SFA1912,SGH0834,SHG1897,SKE1251,SKH1910,SKN1688,SLD1471,SPH1244,SRC1468,SSS1683,SYH1902,TBM1476,TBM1904,TDB1920,TFW1681,TMW1907,TOL1914,TRB1702,UKG0386,UKM0845,UOR1486,VMP1252,VSH1899,WDP1689,WGF1260,WHB1247,WJM1922,XAO1684,XDG1256,YJB0829,ZDH1266,ZPG1909,ZVW1475,150
['2 - Executive'- '3 - Manufacturing'- '4 - QualityControl'],AOB0391,FZG0389,MMR0390,MOS0359,SDR0388,5
['2 - Executive'- '4 - Finance'- '1 - Accounting'],ASM0398,EMM0393,JDM0396,SMN0397,4
['2 - Executive'- '4 - Finance'- '2 - Payroll'],DLB0401,GMB0400,LDM0399,QCR0394,4
['2 - Executive'- '4 - Finance'- '3 - FinancialPlanning'],AMB0403,CRD0404,KCM0402,UCC0395,4
['2 - Executive'- '5 - SalesAndMarketing'- '1 - MarketAnalysis'],ARL0411,CJM0410,CTK0406,RJM0409,4
['2 - Executive'- '5 - SalesAndMarketing'- '2 - Sales'],AAC1489,AGB1507,AJT0419,AMC0854,AMC1724,AMM1285,AOC1283,ASC1297,BBH1945,BCB1715,BCG0853,BEM1501,BHG1947,BHM1707,BPK1731,CAD0866,CBM1272,CCM1270,CCP1491,CGW1511,CHP1711,CLZ1937,CPS1512,CRM0907,CSE0417,DCA0857,DEC1939,DIB1946,DJW0418,DLW1705,DVM1290,EBG1553,ECV1289,GCD0863,GSA1925,GXM1952,HAL1933,HCM1717,HJB0858,HKR1291,HLL1488,HMD1505,HPC1941,HRB1725,HRE1950,HTM1498,HVM1288,IAJ1729,IDW1713,IEH0412,IJM1276,JAC1275,JAG0861,JAR1708,JBL0414,JBR1940,JCS1506,JDJ1949,JGM1269,JIP1503,JJH0862,JJL1722,JLM0422,JMS0859,JOR1495,JSO1500,KBB1294,KBL1728,KCK1494,KFG1727,KGD0416,KLM1508,KMC1934,KOL1923,KVC1487,KWF0849,LAF1938,LKP1714,LPL0420,LRB1496,LSC1951,LSF1709,MAM1293,MBK1726,MDR1497,MGS1944,MHS1277,MKT1931,MMR1502,MNM1948,MOD1927,MRH0407,NAO1281,NBB1935,NBL1490,NER1278,NIM1282,NJK1732,NKT1510,OHA1516,PAM0867,PIE1712,PLM1716,PMB1928,QEL1515,QWP1513,RBA1723,RCW1932,RDW1710,REF1924,REL1335,REM1733,RMK1771,RNC1295,RYG0413,SBN1279,SFJ0856,SHC1499,SIV1287,SME1271,SNA0415,SNC1721,SNK1280,SQC1296,TBH1514,TCC1298,TCL0855,TDR1930,TKH1718,TLM0421,TMT0851,TMT1509,TSH1734,UBG1493,UHM1273,VAH1292,VFA1284,VMD0850,WDS1286,WIR1720,WLN0852,WLN1730,WMS1274,WRH0868,YBD1929,YBH1926,YKW1943,YLH0423,148
['2 - Executive'- '5 - SalesAndMarketing'- '3 - FieldService'],AAB1302,AAB1762,AAL1327,AFL1759,AGH1971,AJB1763,ANG0427,AOH0883,AQL1757,AWB1309,AWD1976,AWW1749,BAH1537,BCA1517,BCS1310,BIM0885,BJM1314,BOC1318,BSD1735,BSW1959,BWJ1539,BYW1523,CCK1540,CEG1535,CHM1312,CIS1542,CLF1981,CLM1538,CPD1525,CRM0880,CRR1966,DEW1968,DJT1534,DKJ1319,DNF0876,DPL1307,DSC1741,EAH1973,EAM1308,EAS1970,ECT1326,EGF1305,EJM1742,EJW1544,EOG0433,EWP1316,FDD1520,FEV1955,FLM1541,GBO1324,GCG1753,GGD1545,GJC0870,GYP1321,HAC1527,HAH1965,HBR1528,HBS1299,HEB1313,HGS0888,HHM1746,HIK0425,HJA1954,HKW1530,HMC1322,HNR0874,HSV0878,HWS1772,IAH1755,IDC1744,IFD1761,IQB1745,IRN1736,JAC1524,JKC1522,JLC1301,JLF1315,JLL1975,JMK1531,JOM1740,KAH1977,KAW0431,KBL0908,KJH0872,KJM1303,KJS1956,KKP1311,KRM1306,KSS1519,KVV0871,LCS1760,LHD1750,LIG1756,LMP1543,LPL0877,LRV1554,LVC0408,MAP0424,MAW1974,MCL1953,MEB1743,MJW1758,MKC0869,MMB1967,MMK1532,MVN1518,NHB1529,NJJ0434,NKM1738,NRO1752,NVA1748,OBN1958,OLM1747,PAG0429,PJB0886,PSC0426,PSV1737,PWB1739,QGC0435,RAR0875,RAS1982,RBD1304,RHG0882,RJD1533,RJS1979,RQB0884,SAW1961,SCF0430,SGB0428,SJD1957,SKB1962,SLM1526,SLS1969,SMK1323,SMW1764,SRR1521,TBE1972,TES1536,TME0887,TSB1546,VCB1325,VSB1317,VUW0873,WDT1754,WRB1978,YNC1336,ZRF1980,147
['2 - Executive'- '6 - PurchasingAndContracts'- '1 - Purchasing'],BDM0442,DRM0443,GBV0440,HTB0444,KRC0441,LLB0437,6
['2 - Executive'- '6 - PurchasingAndContracts'- '2 - Pricing'],AGB0447,DCB0446,EPJ0445,KIC0438,4
['2 - Executive'- '6 - PurchasingAndContracts'- '3 - Contracts'],AKS0448,BBN0449,CGN0451,CPL0439,JPB0450,LFB0452,6
