['1 - Executive'- '1 - Adminstration'- '6 - Security'- '1 - BuildingSecurity'],Owen Denton Barber,OHS0036,ODB0034,XKB0040,OKH0453,JAC0457,NCC0454,VCH0461,ASH0458,GCW0456,GEM0462,QRF0039,JMW0038,FMP0459,CTK0037,ORB0455,TTG0460,16
['1 - Executive'- '1 - Adminstration'- '6 - Security'- '2 - ElectronicSecurity'],Justine Paula Mccullough,CAP0471,JWS0047,XFK0050,SIS0042,AJM0049,MAM0045,HFM0465,JPM0035,JSA0468,MAF0467,KCM0466,KCG0044,RLF0472,GCH0470,MAW0469,GKW0043,DBS0048,LSH0464,SKV0041,RVJ0046,LAH0463,21
['1 - Executive'- '1 - Adminstration'- '6 - Security'- '3 - ElectronicSecurity'],Keith Jelani Morse,BGR0917,XAW0912,HJS0909,ILF0913,EZB0925,ERB0921,KLB0918,CKW0915,PRD0922,JKB0924,OQE0920,ESW0928,SAM0911,JDR0927,MIC0916,CHW0919,NSS0926,CTB0923,KJM0889,REL0910,AAW0914,21
['1 - Executive'- '2 - ResearchAndEngineering'- '2 - Research'- '1 - Lab'],Kimberly Molly Graves,ROA0482,CPD0474,VDB0481,FKS0069,KMG0062,SKW0066,SMB0473,ITM0068,HSK0479,KJH0475,PTV0067,BBF0480,RKM0478,DRJ0070,NRR0476,ROB0477,16
['1 - Executive'- '2 - ResearchAndEngineering'- '2 - Research'- '2 - Lab'],Anthony Buckminster Maxwell,OJC0930,CKM0939,ILJ0929,ZBG0938,BDC0936,COG0940,DOR0935,GPH0932,ACH0937,ABM0890,KLM0941,MLH0942,TMC0934,ODA0931,KFH0943,VLV0933,16
['1 - Executive'- '2 - ResearchAndEngineering'- '2 - Research'- '3 - Lab'],Quentin Nicolas Boyle,ZAD1345,QNB1329,GAT1343,KRC1348,LCR1344,PKF1346,AFP1341,MAB1340,TDH1351,CCG1347,EHJ1339,MGG1342,HOS1349,XNC1338,JQS1350,GVM1337,16
['1 - Executive'- '2 - ResearchAndEngineering'- '2 - Research'- '4 - Lab'],Ulla Megan Henry,UMH1547,ZOF1559,TLW1555,PMC1560,BUE1561,YWF1562,SJC1563,MZV1557,KUB1569,ILH1564,JJL1566,CEH1567,KHH1556,WNB1558,ZNP1565,AXP1568,16
['1 - Executive'- '2 - ResearchAndEngineering'- '2 - Research'- '5 - Lab'],Quinn Dana Bradshaw,NTV1777,DCK1782,HDW1779,MJA1784,HAB1787,PHG1778,PNA1776,AWK1773,QDB1765,LSO1783,XCC1786,JJW1785,SDW1781,WAH1774,SSH1780,IDC1775,16
['1 - Executive'- '2 - ResearchAndEngineering'- '2 - Research'- '6 - Lab'],Coby Baxter Nguyen,CBN1983,RFC1991,DHP1989,DAH1996,YSH1997,WCR1998,FWB1999,KCC1988,ILH2000,USW1994,DBJ1992,AHJ1993,DPN1990,HKW1995,CMM1987,15
['1 - Executive'- '2 - ResearchAndEngineering'- '3 - SoftwareManagement'- '1 - SQA'],Lars Tarik Patterson,RKF0080,HRR0079,PBC0077,NBH0488,ACW0078,LTP0072,VWM0491,BNS0484,BJG0492,CKC0487,RDM0489,ATB0490,MEW0485,GTC0081,XJH0483,WMS0486,16
['1 - Executive'- '2 - ResearchAndEngineering'- '3 - SoftwareManagement'- '2 - DesktopSoftware'],Shay Kitra Cash,UTM0493,AKP0503,HST0084,RMT0496,FAM0495,ZAC0499,CLL0494,ANR0502,SKC0074,MMM0082,GWG0497,XRS0498,MAB0500,AHH0085,TAK0501,ICW0083,16
['1 - Executive'- '2 - ResearchAndEngineering'- '3 - SoftwareManagement'- '3 - EmbeddedSoftware'],Jakeem Ferris Cash,MCW0505,WPL0086,NRH0510,JFC0075,KKS0087,RAV0088,CBP0507,ALH0506,RFS0513,ISS0508,RAT0514,KIB0089,DAH0512,RJG0511,CJH0504,BWC0509,16
['1 - Executive'- '2 - ResearchAndEngineering'- '3 - SoftwareManagement'- '4 - WebSoftware'],Christian Chaney Blevins,CLG0516,INC0091,ERR0525,FDS0523,CCB0076,ATD0517,MAE0515,CMV0524,EXB0090,TAB0519,SYB0093,OWC0518,MDC0520,MVM0092,LCR0521,CYG0522,16
['1 - Executive'- '2 - ResearchAndEngineering'- '3 - SoftwareManagement'- '5 - DesktopSoftware'],Rashad Rudyard Castro,AAW0952,ACC0950,JPK0945,CHL0953,SEO0946,AJM0956,DPK0954,HJW0947,DLB0955,MTS0958,YBH0948,KIF0951,UEH0944,YYH0949,RRC0891,HRG0957,16
['1 - Executive'- '2 - ResearchAndEngineering'- '3 - SoftwareManagement'- '6 - EmbeddedSoftware'],Todd Rajah Peterson,MTD0971,PRL0965,HUM0973,JYC0959,AAM0972,NWH0960,GPS0970,TRP0892,AEG0962,EZG0968,CRM0963,MES0966,GWH0961,DTB0964,CKD0967,AAW0969,16
['1 - Executive'- '2 - ResearchAndEngineering'- '3 - SoftwareManagement'- '7 - WebSoftware'],Eliana Patience Bonner,YHO0982,HRC0977,HRT0984,SEC0985,BDH0981,BNN0975,LSJ0979,HBH0988,VPA0974,CRD0987,MHH0980,OAP0978,YVJ0986,ZCB0983,HXP0976,EPB0893,16
['1 - Executive'- '2 - ResearchAndEngineering'- '4 - Engineering'- '1 - Publications'],Brenda Paloma Allison,KMH0529,MGM0539,FAR0102,HGG0535,HAE0105,JMA0540,MMO0531,WRH0526,DSB0530,YNO0103,MJK0527,ERB0104,NMK0536,BPA0095,ICM0537,ARD0538,JPW0533,UAB0534,LTH0528,JOB0532,HWS0101,21
['1 - Executive'- '2 - ResearchAndEngineering'- '4 - Engineering'- '2 - MechanicalEngineering'],Blythe Deborah Pugh,BKL0545,CAF0109,TBP0548,SDL0541,RDB0546,UMB0108,CZY0110,IPF0550,ZKP0542,EAP0107,JCB0544,JAG0106,ZEP0543,BDP0096,KAG0547,LRF0549,16
['1 - Executive'- '2 - ResearchAndEngineering'- '4 - Engineering'- '3 - ElectricalEngineering'],Colby Christian Warren,AEM0113,BLW0552,EBW0553,CLG0114,CDG0551,HBH0111,MAM0557,KLR0112,QGB0554,GFS0555,JLC0558,HFF0560,CCW0097,TCF0559,MMB0556,NKD0115,16
['1 - Executive'- '2 - ResearchAndEngineering'- '4 - Engineering'- '4 - MaterialsEngineering'],Kaitlin Riley Craft,IHC0561,RTH0564,DKS0563,MHK0565,ISK0116,PBS0120,QKB0562,MSK0117,YCC0119,KRC0098,GCB0118,11
['1 - Executive'- '2 - ResearchAndEngineering'- '4 - Engineering'- '5 - SystemsEngineering'],Kirsten Carol Lambert,PCB0567,KCL0099,KBR0575,WLP0123,MUW0570,ARP0574,TIH0573,PAA0121,KPM0579,CCC0569,KAG0566,JVH0571,LBL0578,YDH0577,RPM0125,JCM0580,KBP0124,LRB0568,KLG0576,MDR0572,RBD0122,21
['1 - Executive'- '2 - ResearchAndEngineering'- '4 - Engineering'- '6 - TestAndEvalualtion'],Kuame Nathaniel Maxwell,CAH0595,AKS0586,JEH0587,KNM0100,RDC0128,JXN0581,ACS0589,LAS0129,BRM0126,OHR0583,CMD0127,JCF0594,BBM0588,MCB0582,DES0591,PRL0585,AGC0592,LHL0130,MGH0593,RCG0584,20
['1 - Executive'- '2 - ResearchAndEngineering'- '4 - Engineering'- '7 - SystemsEngineering'],Tanner Luke Banks,KPM1002,VCM0992,MMC1008,DBB1004,TUJ1007,TLB0894,CSB0990,KSS1005,JCV0994,KDC0996,NMP1003,KEG1006,ZHP0989,HTH1001,JRH0993,DZO0999,AHN0998,DCB1000,DDK0995,CAS0997,RWR0991,21
['1 - Executive'- '2 - ResearchAndEngineering'- '4 - Engineering'- '8 - TestAndEvalualtion'],Drake Joshua Harrell,SKB1024,SJP1023,GNG1026,DJH0895,ACH1011,NOB1015,CAM1025,ADH1016,LRF1009,LJH1027,JDW1019,TJB1012,HOD1010,OFB1017,GPO1020,EBP1022,FMH1018,GTN1021,ESH1028,ADC1014,WCW1013,21
['1 - Executive'- '3 - Manufacturing'- '3 - Assembly'- '1 - Stockroom'],Sydney Genevieve Nichols,UCD0608,HMW0602,FIM0605,ALC0604,SDT0600,RAH0609,ZAH0598,BBW0151,IJM0603,ZHR0596,CAH0149,ACG0152,SGN0146,WYG0599,ASR0150,JUL0610,BJH0601,MKG0606,BKG0597,ADH0153,RKG0607,21
['1 - Executive'- '3 - Manufacturing'- '3 - Assembly'- '2 - AssemblyDept'],Bradley Tyrone Nieves,GTC0614,ZOC0154,CKP0630,ITA0159,JTB0163,GRK0623,MCH0620,MRW0625,VVG0624,TJP0616,JMM0613,CCM0612,RIK0629,JBL0615,NFS0617,OKC0155,CAM0158,EWA0156,MLL0162,BTN0147,DKG0161,ECW0160,SAM0628,PSS0157,MCP0611,CRW0627,JYS0621,ADG0619,CWM0618,XAB0622,ARB0626,31
['1 - Executive'- '3 - Manufacturing'- '3 - Assembly'- '3 - Stockroom'],Alma Nola Tillman,AIH0814,WBP0828,CMC0816,LCW0821,BSO0826,EBB0827,DML0822,IAC0825,JGW0820,LJM0375,KAD0817,CKE0373,KMR0377,ANT0148,PAH0819,SAA0374,KEE0823,KBC0818,PMC0815,XAM0376,CMB0824,21
['1 - Executive'- '3 - Manufacturing'- '3 - Assembly'- '4 - AssemblyDept'],Evangeline Yoko Malone,GLC1055,TLW1050,HMM1058,MME1034,TPO1049,MCV1046,MLW1038,JOR1039,XJB1052,DRH1041,ACR1045,SSS1057,PLL1043,GMM1037,RSB1054,OIP1053,KRA1047,KFS1029,CGF1056,TNH1048,AEF1032,AAC1033,EYM0896,QSM1042,KGM1031,IAG1051,ZAD1035,PLF1030,KDB1036,AHC1044,HDM1040,31
['1 - Executive'- '3 - Manufacturing'- '3 - Assembly'- '5 - AssemblyDept'],Kuame Dale Graves,LTS1378,LRW1357,MHP1377,SFG1360,IRP1353,JRW1374,BAT1359,ICB1354,BBR1381,RIP1368,MCC1372,AME1364,ELT1370,AES1373,QSS1380,QJS1362,HJW1371,WSE1363,LUH1376,ARP1356,XJS1358,KSC1352,JBG1375,JAD1379,NAH1366,GTP1369,LXM1361,NNB1355,KDG1330,MCW1367,DMN1365,31
['1 - Executive'- '3 - Manufacturing'- '3 - Assembly'- '6 - AssemblyDept'],Daniel Aquila Chandler,BCC1597,HSG1585,LIJ1581,MTP1582,WOM1587,PAP1570,DAC1548,FWT1586,LJP1584,EVF1595,RLM1578,DPR1589,CBD1574,HWR1573,JVH1575,BIS1598,JIG1593,ERM1590,ANH1583,JHR1580,BHA1577,NUW1599,CIW1591,XMG1579,JNR1592,LSB1588,HMH1596,SRP1576,UCM1572,IGG1571,CDB1594,31
['1 - Executive'- '3 - Manufacturing'- '3 - Assembly'- '7 - AssemblyDept'],Preston Declan Barry,ACJ1797,CTM1817,DNT1801,JKM1790,AAR1793,BNT1804,EAL1813,SWB1809,PFM1795,CTH1812,JKB1811,KLW1789,KCJ1788,KBB1803,MSM1800,FGW1794,BZC1806,ICH1810,TTR1792,JAH1802,LKC1796,FES1814,JHM1805,LJM1807,DXB1791,PDB1766,ILJ1816,GFM1815,OHC1798,KCB1799,TCW1808,31
['1 - Executive'- '3 - Manufacturing'- '3 - Assembly'- '8 - AssemblyDept'],Frances Athena Hopkins,WPC1984,1
['1 - Executive'- '5 - SalesAndMarketing'- '2 - Sales'- '1 - RegionalSales'],Chaney Daquan Lee,RAS0197,CTT0639,KEW0198,BYS0199,AJH0191,DCS0636,CPC0190,EAG0633,MGC0646,HNJ0638,BMC0650,EMM0641,SJA0635,DJA0192,CRB0648,BGC0649,GCD0194,KAW0642,MML0631,TLS0643,LDF0644,DKG0637,CDL0189,KAM0645,MQS0196,SIG0640,DZA0195,SLL0193,CGS0647,BKF0632,RJM0634,31
['1 - Executive'- '5 - SalesAndMarketing'- '2 - Sales'- '2 - RegionalSales'],Carl John Graham,WBK1077,DSH1074,ACB1087,BTD1059,BRM1080,DDM1065,IYF1060,TDC1086,SEL1062,NMF1088,HBP1076,CAC1083,CJG0897,MOB1071,ATS1073,BMG1070,MAR1075,BAS1078,SQC1072,JXH1061,LRW1079,UMT1084,CAS1068,INW1064,ICP1063,ATD1067,TFS1081,GNV1082,AEC1085,THB1069,MZO1066,31
['1 - Executive'- '5 - SalesAndMarketing'- '2 - Sales'- '3 - RegionalSales'],Cody Lyle Salinas,RJW1406,DWR1387,NKN1405,JGB1393,NZL1395,CEM1385,HNJ1407,CLS1331,AJS1408,MAW1397,CCR1396,SWC1392,MFM1400,HPC1404,KBC1390,AGW1389,RDS1398,CCM1401,SLC1391,HIS1394,IVS1411,NRH1383,JRE1402,HDH1384,BTR1410,KOG1386,LSM1382,RWJ1403,GJM1409,GMR1399,TFW1388,31
['1 - Executive'- '5 - SalesAndMarketing'- '2 - Sales'- '4 - RegionalSales'],Freya Mara Gould,TAG1610,IYH1611,VCF1602,GUT1619,CBC1607,DPC1618,RGA1622,NIV1608,XJP1627,GGM1629,NGB1625,MAF1623,QJH1605,KCG1615,GGM1604,DJP1603,HHD1606,NWP1609,ILR1613,FMG1549,TNB1616,AJD1612,MLM1614,ZAD1621,RBC1624,ZJT1601,LVF1626,ENB1617,MJF1600,LJV1620,AMG1628,31
['1 - Executive'- '5 - SalesAndMarketing'- '2 - Sales'- '5 - RegionalSales'],Donna Erin Black,RMB1821,NRR1835,MUP1819,ACH1831,WAS1823,ONB1833,CBW1826,ACH1840,DEB1767,WCR1830,XKB1829,JKB1843,HDA1824,ESM1828,RMV1820,RSS1825,MPK1844,NZH1839,WLH1827,BYO1846,WOS1834,TRC1838,GFV1837,GRB1842,JBP1832,BGF1845,HMC1847,YDM1822,FDS1841,NJV1818,CCB1836,31
['1 - Executive'- '5 - SalesAndMarketing'- '3 - FieldService'- '1 - RegionalFieldService'],Chastity Emerald Sweet,ASB0658,KEO0202,CKL0652,SCH0670,NCB0657,FAM0211,AKS0662,HMK0653,BZF0651,TSJ0655,JIT0654,MIB0203,ALB0668,MAD0207,MHM0660,TRW0667,JDM0208,IGN0206,RBH0661,BKB0669,RLP0666,KHG0205,TJO0663,GAD0664,SVB0209,NJP0665,CES0201,DHS0204,CAV0656,FGA0659,JQC0210,31
['1 - Executive'- '5 - SalesAndMarketing'- '3 - FieldService'- '2 - RegionalFieldService'],Moana Gemma Talley,TRB1093,UAM1108,SFS1109,MKR1094,TBF1107,HND1098,PGY1112,WSW1091,AEO1116,ANH1110,KMK1096,MGT0898,SWM1101,NHH1099,CML1114,NLC1113,DYN1105,YMF1089,PMM1117,BAS1097,BDB1111,JDR1106,HSH1102,HSF1115,ZHB1104,KCR1118,CIM1095,AJR1103,DDS1090,OKM1092,FCW1100,31
['1 - Executive'- '5 - SalesAndMarketing'- '3 - FieldService'- '3 - RegionalFieldService'],Michelle Yoshi Booker,ECD1434,BCL1423,CAG1416,IRP1440,ILM1441,CLC1425,MCS1414,JEC1427,OFA1415,MDK1412,MKW1422,CLD1435,CIF1430,RSM1426,KAJ1413,ZLM1418,BTV1433,JAW1429,AZW1420,KVP1424,MYB1332,SJG1417,GRR1428,DAD1438,SLC1419,KCH1437,PTM1432,LLP1436,SZN1421,ACE1431,YEG1439,31
['1 - Executive'- '5 - SalesAndMarketing'- '3 - FieldService'- '4 - RegionalFieldService'],Dacey Zenaida Miles,DAC1641,JHP1654,CBH1635,JBR1651,AFW1639,KST1643,DDR1649,BAR1640,MHM1645,SWM1653,UIS1637,ILH1650,ZIN1633,JBL1657,HJL1631,GKM1647,ONG1642,HMS1658,MJF1646,DCR1648,GEK1638,NRM1656,PIR1632,KZB1630,NJD1644,WAF1652,DZM1550,GCC1659,WDT1634,EBD1636,MMM1655,31
['1 - Executive'- '5 - SalesAndMarketing'- '3 - FieldService'- '5 - RegionalFieldService'],Allegra Leila Mcclain,GAF1862,DZH1867,FAD1863,EUN1870,LCB1869,OJP1860,BJG1852,WSK1857,ALM1768,LPS1875,DMW1849,NEP1848,SLC1865,SPB1853,KHS1850,DDR1876,HLG1851,ENM1861,ISD1866,INK1859,SDH1854,CBS1856,VCG1873,NKF1871,BHP1872,IRC1877,SVF1858,KAH1868,BAB1874,RCL1864,ACC1855,31
['2 - Executive'- '1 - Adminstration'- '6 - Security'- '1 - BuildingSecurity'],Vaughan Chaney Chang,DLH0679,MDS0680,WCN0261,JNB0673,MKH0260,AWW0676,TCH0264,VCC0258,HSN0675,JRS0674,CGV0671,TSG0262,QCM0672,NFH0677,RAA0263,IKW0678,16
['2 - Executive'- '1 - Adminstration'- '6 - Security'- '2 - ElectronicSecurity'],Jessica Jeanette Cline,WFV0687,PCK0271,CRD0272,ZEH0685,MPF0690,AHN0681,VRP0267,QAP0266,HLH0682,AML0268,AMC0265,JJC0259,EMR0269,HBW0683,NRS0270,CDO0684,PTD0273,HJM0688,TAW0689,BDM0274,MYB0686,21
['2 - Executive'- '1 - Adminstration'- '6 - Security'- '3 - ElectronicSecurity'],Darrel Naida Walton,DNW0899,OCW1127,DCC1119,LIB1125,CDD1124,SSS1129,RSM1133,JUW1135,AVP1137,CWW1120,CRC1132,AAG1136,ACA1126,KJG1121,SMW1131,SSN1130,CBD1128,FAJ1122,LJF1138,ELM1123,JBI1134,21
['2 - Executive'- '2 - ResearchAndEngineering'- '2 - Research'- '1 - Lab'],Hedda Charity Velasquez,WTC0699,IKB0691,MON0700,FCG0693,CWR0696,MCT0695,MAF0293,JCK0692,FRS0694,HCV0286,CAB0290,ZBC0291,TMM0292,EDC0697,MDL0294,BLK0698,16
['2 - Executive'- '2 - ResearchAndEngineering'- '2 - Research'- '2 - Lab'],Harriet Cassidy Patrick,RWP1153,ALB1144,HNP1152,QSG1150,HCP0900,APD1148,BNE1140,LJC1146,MBW1149,GIC1151,GCE1147,RXH1139,FCB1141,KVF1143,MCB1145,SOP1142,16
['2 - Executive'- '2 - ResearchAndEngineering'- '2 - Research'- '3 - Lab'],Jacob Berk Benson,CKR1446,HMI1448,JMV1450,BSY1451,ZUR1449,HJB1444,JBB1333,SCW1456,BRM1454,ZXR1452,EJG1445,BGH1443,MBG1455,RAB1453,CEG1442,CLJ1447,16
['2 - Executive'- '2 - ResearchAndEngineering'- '2 - Research'- '4 - Lab'],Brock Talon Garner,BTG1551,KJW1664,NAB1673,DQR1670,JLD1666,DXF1662,TAL1665,URB1668,WHG1669,TRA1671,NTG1667,MES1674,AWB1661,JOE1672,SSM1663,GWO1660,16
['2 - Executive'- '2 - ResearchAndEngineering'- '2 - Research'- '5 - Lab'],Keiko Quon Mccarthy,CAB1886,KQM1769,ARV1884,AMH1887,OJF1882,PTH1889,CEB1879,SKF1892,ERV1880,LJL1891,ICB1890,MOW1888,GLC1878,JBC1885,ABC1881,AMC1883,16
['2 - Executive'- '2 - ResearchAndEngineering'- '2 - Research'- '6 - Lab'],Phoebe Erin Mcdowell,OCD1985,1
['2 - Executive'- '2 - ResearchAndEngineering'- '3 - SoftwareManagement'- '1 - SQA'],Brennan Thaddeus Dominguez,NTB0710,LHA0303,PRH0706,USM0703,UNN0707,IAR0301,ANS0705,BTD0296,PWF0709,HAD0702,KSW0708,NTM0305,IEL0302,WWW0701,WEC0304,NKH0704,16
['2 - Executive'- '2 - ResearchAndEngineering'- '3 - SoftwareManagement'- '2 - DesktopSoftware'],Arsenio Solomon Herrera,DCD0715,AWW0718,CLL0306,NMV0716,ARF0719,MJR0711,BHB0717,EIW0714,LTB0308,CVS0720,ATO0307,MBM0712,CGS0309,ASH0298,JAC0721,DAD0713,16
['2 - Executive'- '2 - ResearchAndEngineering'- '3 - SoftwareManagement'- '3 - EmbeddedSoftware'],Raja Casey Decker,DHP0732,PHY0730,JTF0313,DEB0727,VAC0731,UMB0310,AJH0724,XDM0723,EAP0312,BRG0728,DTB0722,AXS0729,TCC0311,QJF0725,SSG0726,RCD0299,16
['2 - Executive'- '2 - ResearchAndEngineering'- '3 - SoftwareManagement'- '4 - WebSoftware'],Thomas August Hammond,HDW0743,LNS0317,JLC0742,WZB0733,LKB0734,BAG0315,GIB0314,GHM0736,TAH0300,ZIE0741,ISW0738,MTH0737,DRN0735,DNJ0740,KHT0739,CKH0316,16
['2 - Executive'- '2 - ResearchAndEngineering'- '3 - SoftwareManagement'- '5 - DesktopSoftware'],Allegra Genevieve Buckner,AGB0901,NCU1166,DHR1157,CAB1160,JDB1163,APR1168,RPJ1159,RHD1155,BDP1162,ODG1158,JJF1167,SBL1161,ADR1156,HRR1154,JJA1164,CSW1165,16
['2 - Executive'- '2 - ResearchAndEngineering'- '3 - SoftwareManagement'- '6 - EmbeddedSoftware'],Eden Melodie Ballard,MAC1175,TCA1183,BOS1170,ACD1174,SBP1176,PPB1181,HBF1179,GIA1171,BKA1178,EMB0902,ELC1173,MBH1177,PDH1180,EKS1182,CQR1172,AVG1169,16
['2 - Executive'- '2 - ResearchAndEngineering'- '3 - SoftwareManagement'- '7 - WebSoftware'],Jackson Timothy Sullivan,PKS1187,SLF1195,TKP1186,DCV1185,JTS0903,RHB1193,NBL1190,CJE1192,BBC1191,CAB1189,NJS1194,ESP1198,YLR1188,SRM1184,EPG1196,DMD1197,16
['2 - Executive'- '2 - ResearchAndEngineering'- '4 - Engineering'- '1 - Publications'],Noah Kenyon Griffin,ZWS0755,AST0328,IEP0746,DDW0757,CSB0327,AMB0745,RMP0754,PXS0749,JDC0326,NKG0319,JAM0752,GRB0748,CTB0744,BWW0751,SKL0325,GFS0750,BCR0747,EBA0758,UJC0329,AKR0756,TDK0753,21
['2 - Executive'- '2 - ResearchAndEngineering'- '4 - Engineering'- '2 - MechanicalEngineering'],Lana Hillary Pugh,OTE0760,JRB0759,DOL0765,ARM0333,DAD0331,DLM0334,LHP0320,BAS0763,KCF0767,IRM0766,AKD0332,ALW0764,HTS0762,MWC0761,NHR0768,DIM0330,16
['2 - Executive'- '2 - ResearchAndEngineering'- '4 - Engineering'- '3 - ElectricalEngineering'],Graham Paul Silva,TCC0771,GPS0321,HRC0776,CCR0338,AIE0773,SCI0778,JVM0772,RHM0775,CFJ0335,DOS0777,EAC0769,DJC0337,PRG0336,WBB0339,CCP0774,CDG0770,16
['2 - Executive'- '2 - ResearchAndEngineering'- '4 - Engineering'- '4 - MaterialsEngineering'],Uriel Michael Burns,MAS0783,DMP0344,EHM0340,YIN0342,MAG0780,NMP0782,IIM0781,OFM0341,UMB0322,BMR0343,HJO0779,11
['2 - Executive'- '2 - ResearchAndEngineering'- '4 - Engineering'- '5 - SystemsEngineering'],Ila Marcia Roman,WOG0797,CNM0787,TDF0785,ARD0790,IMR0323,JLC0796,WAH0793,AFC0792,DAL0795,JJP0798,RJW0348,KJA0347,DLW0349,JAR0794,JCB0791,JTK0784,BGK0345,HDL0789,GBM0346,HBD0788,SKF0786,21
['2 - Executive'- '2 - ResearchAndEngineering'- '4 - Engineering'- '6 - TestAndEvalualtion'],Sarah Regina Reyes,JSB0803,MSS0799,MDB0351,WCB0806,STH0353,ORR0813,DQM0809,KJH0804,DQS0807,CAD0354,JAL0811,KSL0808,TDC0800,SRR0324,GER0350,IQT0352,CJM0802,ARM0805,DJH0812,ADR0810,SIH0801,21
['2 - Executive'- '2 - ResearchAndEngineering'- '4 - Engineering'- '7 - SystemsEngineering'],Amos Albert Carney,KBG1201,CNM1208,RCH1216,AOP1202,JAT1218,BDM1204,AAC0904,KES1207,GRS1214,LIL1199,HCE1200,NIM1203,KAC1209,AVH1217,KEM1211,KIS1205,AWC1213,CHW1210,KDB1206,KCW1215,WIW1212,21
['2 - Executive'- '2 - ResearchAndEngineering'- '4 - Engineering'- '8 - TestAndEvalualtion'],Hollee Quynn Garrison,LHD1233,JIP1220,EGM1222,CIM1232,DAE1219,IRH1224,ABL1229,HDL1230,HQG0905,DCF1237,HJC1227,JOR1221,RMN1226,LSM1228,AMS1236,CHS1238,LSD1231,TWB1223,MGB1235,EJC1225,LLF1234,21
['2 - Executive'- '3 - Manufacturing'- '3 - Assembly'- '1 - AssemblyDept'],Prescott Jasper Collins,UKG0386,DTC0840,SCC0379,ANM0830,IDB0843,HDC0844,TCP0380,HYV0848,PJC0370,KMO0382,SAH0833,NNO0832,RYP0839,BBG0378,DEW0384,RJC0381,KAD0387,BAA0385,HJR0841,RSH0836,LMW0837,YJB0829,SGH0834,JDF0846,MMB0383,BSS0847,DIR0835,UKM0845,KRC0842,ECY0838,DNG0831,31
['2 - Executive'- '3 - Manufacturing'- '3 - Assembly'- '2 - AssemblyDept'],Rebecca Maya Haynes,EBQ1246,ARG1264,NCM1243,SPH1244,MIB1265,BCC1259,RRG1253,SKE1251,XDG1256,ZDH1266,JIB1258,BUH1249,VMP1252,NBM1257,CSV1242,BLC1263,GSH1262,HJO1239,HBF1250,OCL1245,KDC1240,SAF1261,IBH1267,RKF1268,KSC1255,ICS1248,WHB1247,IAH1241,RMH0906,RIS1254,WGF1260,31
['2 - Executive'- '3 - Manufacturing'- '3 - Assembly'- '3 - AssemblyDept'],Lara Yvonne Lopez,ACB1485,TBM1476,CCP1460,MMR1458,CEG1467,JUP1472,DJJ1480,SRC1468,ZVW1475,BDM1457,DOH1483,OSS1463,KKL1481,ALT1465,EGG1466,GQG1484,BNV1461,GTF1464,LYL1334,LSN1462,MMD1477,DES1474,JCP1478,DCF1479,SLD1471,AJS1482,UOR1486,LLL1469,CZK1473,DMB1459,SCC1470,31
['2 - Executive'- '3 - Manufacturing'- '3 - Assembly'- '4 - AssemblyDept'],Flynn Malachi Hurley,GKG1693,TRB1702,CKR1700,FDS1690,SKN1688,GDD1687,KBC1680,KMM1703,TFW1681,XAO1684,FJP1692,SSS1683,GCS1686,QRC1676,JSH1678,BYV1695,NFJ1694,IBS1682,MNE1698,HVL1679,AYG1697,BRL1701,RNB1685,DLM1699,CCC1691,FKS1696,JIL1675,HMC1677,JVC1704,WDP1689,FMH1552,31
['2 - Executive'- '3 - Manufacturing'- '3 - Assembly'- '5 - AssemblyDept'],Ann Christine Moreno,KDL1901,LKL1895,ACM1770,CNH1896,QKB1893,ADL1898,CBK1908,HAB1894,RFP1918,TOL1914,JSB1915,CCC1900,WJM1922,ZPG1909,AAO1919,JAB1917,SHG1897,ATC1916,IAM1913,ACT1903,RBN1906,MMS1905,TBM1904,VSH1899,SYH1902,MSN1911,SFA1912,HKF1921,TMW1907,SKH1910,TDB1920,31
['2 - Executive'- '3 - Manufacturing'- '3 - Assembly'- '6 - AssemblyDept'],Reagan Zephr Ballard,DVV1986,1
['2 - Executive'- '5 - SalesAndMarketing'- '2 - Sales'- '1 - RegionalSales'],Rae Yetta Greer,JJH0862,TCL0855,FKH0864,KGD0416,RYG0413,PAM0867,WLN0852,VMD0850,CAD0866,LPL0420,GCD0863,JMS0859,DCA0857,SNA0415,AJT0419,CSE0417,WRH0868,DJW0418,HJB0858,JSB0860,SFJ0856,TMT0851,TLM0421,KWF0849,AMC0854,JBL0414,YLH0423,BCG0853,BMR0865,JAG0861,JLM0422,31
['2 - Executive'- '5 - SalesAndMarketing'- '2 - Sales'- '2 - RegionalSales'],Chancellor Rudyard Marks,NIM1282,HVM1288,WMS1274,VAH1292,CBM1272,KBB1294,MAM1293,RNC1295,IJM1276,SBN1279,HKR1291,ECV1289,NAO1281,ASC1297,AOC1283,MHS1277,UHM1273,JAC1275,SNK1280,SME1271,DVM1290,WDS1286,JGM1269,SQC1296,VFA1284,CCM1270,AMM1285,SIV1287,CRM0907,TCC1298,NER1278,31
['2 - Executive'- '5 - SalesAndMarketing'- '2 - Sales'- '3 - RegionalSales'],Raymond Edward Larson,TMT1509,UBG1493,AAC1489,REL1335,KVC1487,JSO1500,HLL1488,SHC1499,LRB1496,CGW1511,CPS1512,KCK1494,CBC1504,ZJN1492,QEL1515,BEM1501,JCS1506,AGB1507,CCP1491,OHA1516,MMR1502,JOR1495,NKT1510,KLM1508,JIP1503,HMD1505,TBH1514,MDR1497,QWP1513,NBL1490,HTM1498,31
['2 - Executive'- '5 - SalesAndMarketing'- '2 - Sales'- '4 - RegionalSales'],Ethan Branden Garrett,PLM1716,SNC1721,BCB1715,EBG1553,WIR1720,CHP1711,HCM1717,TSH1734,RDW1710,WLN1730,TKH1718,SCO1719,IDW1713,PIE1712,KFG1727,REM1733,NJK1732,BHM1707,HRB1725,IAJ1729,DLW1705,RBA1723,JAR1708,MBK1726,KBL1728,BPK1731,AMC1724,JJL1722,KDP1706,LKP1714,LSF1709,31
['2 - Executive'- '5 - SalesAndMarketing'- '2 - Sales'- '5 - RegionalSales'],Rhona Maite Kennedy,KMC1934,HPC1941,MGS1944,BBH1945,HRE1950,DEC1939,LSC1951,NBB1935,KOL1923,MNM1948,HAL1933,CLZ1937,JBR1940,RKW1936,SAF1942,GXM1952,YBD1929,MOD1927,MKT1931,RCW1932,YBH1926,BHG1947,LAF1938,PMB1928,GSA1925,TDR1930,JDJ1949,YKW1943,RMK1771,DIB1946,REF1924,31
['2 - Executive'- '5 - SalesAndMarketing'- '3 - FieldService'- '1 - RegionalFieldService'],Hedda Imani Kline,ILG0879,PAG0429,QGC0435,PJB0886,RQB0884,AOH0883,HGS0888,EOG0433,DNF0876,NJJ0434,HIK0425,LPL0877,SCF0430,HSV0878,HKK0881,PSC0426,ANG0427,CRM0880,RHG0882,TME0887,KAW0431,SGB0428,HNR0874,KJH0872,VUW0873,MKC0869,BIM0885,KVV0871,RAR0875,GJC0870,SMS0432,31
['2 - Executive'- '5 - SalesAndMarketing'- '3 - FieldService'- '2 - RegionalFieldService'],Kalia Brenna Luna,AAL1327,VCB1325,GYP1321,EGF1305,SMK1323,EAM1308,KRM1306,HEB1313,HBS1299,VSB1317,BCS1310,DAS1320,HMC1322,KKP1311,BJM1314,WMH1300,EWP1316,KBL0908,CHM1312,JLC1301,GBO1324,JLF1315,RBD1304,ECT1326,DKJ1319,BAR1328,BOC1318,KJM1303,AWB1309,AAB1302,DPL1307,31
['2 - Executive'- '5 - SalesAndMarketing'- '3 - FieldService'- '3 - RegionalFieldService'],Yvette Naomi Cortez,MMK1532,NHB1529,JMK1531,EJW1544,CEG1535,HBR1528,SRR1521,CPD1525,CIS1542,HKW1530,TSB1546,CCK1540,FDD1520,JKC1522,MVN1518,JAC1524,TES1536,SLM1526,DJT1534,BAH1537,BCA1517,GGD1545,KSS1519,YNC1336,CLM1538,BWJ1539,HAC1527,BYW1523,LMP1543,RJD1533,FLM1541,31
['2 - Executive'- '5 - SalesAndMarketing'- '3 - FieldService'- '4 - RegionalFieldService'],Lydia Risa Vega,NRO1752,AWW1749,MEB1743,OLM1747,DSC1741,IRN1736,LCS1760,WDT1754,HHM1746,SMW1764,IAH1755,NKM1738,GCG1753,AJB1763,NVA1748,AFL1759,JOM1740,IQB1745,AAB1762,EJM1742,IDC1744,LRV1554,PWB1739,PSV1737,RDP1751,LHD1750,IFD1761,MJW1758,AQL1757,LIG1756,BSD1735,31
['2 - Executive'- '5 - SalesAndMarketing'- '3 - FieldService'- '5 - RegionalFieldService'],Hamish Walker Solis,CRR1966,DEO1964,MMB1967,EAH1973,SLS1969,RAS1982,JRC1963,AGH1971,RJS1979,ZRF1980,AWD1976,TBE1972,MAW1974,BSW1959,HJA1954,DEW1968,SAW1961,CEW1960,SKB1962,OBN1958,HWS1772,WRB1978,KAH1977,MCL1953,JLL1975,KJS1956,FEV1955,HAH1965,EAS1970,CLF1981,SJD1957,31
